Iteration,Run,Fitness
0,0,0.2433124409
1,0,0.2300067696
2,0,0.2300067696
3,0,0.2300067696
4,0,0.2300067696
5,0,0.2300067696
6,0,0.2300067696
7,0,0.2300067696
8,0,0.2300067696
9,0,0.2300067696
10,0,0.2300067696
11,0,0.2300067696
12,0,0.2300067696
13,0,0.2300067696
14,0,0.2300067696
15,0,0.2300067696
16,0,0.2300067696
17,0,0.2300067696
18,0,0.2300067696
19,0,0.2263021225
20,0,0.2263021225
21,0,0.2263021225
22,0,0.2263021225
23,0,0.2263021225
24,0,0.2184743427
25,0,0.2184743427
26,0,0.2184743427
27,0,0.2184743427
28,0,0.2184743427
29,0,0.2184743427
30,0,0.2184743427
31,0,0.2184743427
32,0,0.2184743427
33,0,0.2184743427
34,0,0.2184743427
35,0,0.2184743427
36,0,0.2113594338
37,0,0.2113594338
38,0,0.2113594338
39,0,0.2113594338
40,0,0.2113594338
41,0,0.2113594338
42,0,0.2113594338
43,0,0.2113594338
44,0,0.2113594338
45,0,0.2113594338
46,0,0.2113594338
47,0,0.2113594338
48,0,0.2113594338
49,0,0.2113594338
50,0,0.2113594338
51,0,0.2113594338
52,0,0.2113594338
53,0,0.2113594338
54,0,0.2113594338
55,0,0.2113594338
56,0,0.2113594338
57,0,0.2113594338
58,0,0.2113594338
59,0,0.2113594338
60,0,0.2113594338
61,0,0.2113594338
62,0,0.2113594338
63,0,0.2113594338
64,0,0.2113594338
65,0,0.2113594338
66,0,0.2113594338
67,0,0.2113594338
68,0,0.2113594338
69,0,0.2113594338
70,0,0.2113594338
71,0,0.2113594338
72,0,0.2113594338
73,0,0.2113594338
74,0,0.2113594338
75,0,0.2113594338
76,0,0.2113594338
77,0,0.2113594338
78,0,0.2113594338
79,0,0.2113594338
80,0,0.2113594338
81,0,0.2113594338
82,0,0.2113594338
83,0,0.2113594338
84,0,0.2113594338
85,0,0.2113594338
86,0,0.2113594338
87,0,0.2113594338
88,0,0.2113594338
89,0,0.2113594338
90,0,0.2113594338
91,0,0.2113594338
92,0,0.2113594338
93,0,0.2113594338
94,0,0.2113594338
95,0,0.2113594338
96,0,0.2113594338
97,0,0.2113594338
98,0,0.2113594338
99,0,0.2113594338
100,0,0.2113594338
101,0,0.2113594338
102,0,0.2113594338
103,0,0.2113594338
104,0,0.2113594338
105,0,0.2113594338
106,0,0.2113594338
107,0,0.2113594338
108,0,0.2113594338
109,0,0.2113594338
110,0,0.2113594338
111,0,0.2113594338
112,0,0.2113594338
113,0,0.2113594338
114,0,0.2113594338
115,0,0.2113594338
116,0,0.2113594338
117,0,0.2113594338
118,0,0.2113594338
119,0,0.2113594338
120,0,0.2113594338
121,0,0.2113594338
122,0,0.2113594338
123,0,0.2113594338
124,0,0.2113594338
125,0,0.2113594338
126,0,0.2113594338
127,0,0.2113594338
128,0,0.2113594338
129,0,0.2113594338
130,0,0.2113594338
131,0,0.2113594338
132,0,0.2113594338
133,0,0.2113594338
134,0,0.2113594338
135,0,0.2113594338
136,0,0.2113594338
137,0,0.2112247175
138,0,0.2112247175
139,0,0.2112247175
140,0,0.2112247175
141,0,0.2112247175
142,0,0.2112247175
143,0,0.2112247175
144,0,0.2112247175
145,0,0.2112247175
146,0,0.2112247175
147,0,0.2112247175
148,0,0.2112247175
149,0,0.2112247175
0,1,0.2340802813
1,1,0.2340802813
2,1,0.2340802813
3,1,0.2340802813
4,1,0.2340802813
5,1,0.2340802813
6,1,0.2340802813
7,1,0.2340802813
8,1,0.2340802813
9,1,0.2340802813
10,1,0.2340802813
11,1,0.2317089697
12,1,0.2317089697
13,1,0.2317089697
14,1,0.2317089697
15,1,0.2317089697
16,1,0.2317089697
17,1,0.2317089697
18,1,0.2317089697
19,1,0.2317089697
20,1,0.2317089697
21,1,0.2317089697
22,1,0.2317089697
23,1,0.2317089697
24,1,0.2317089697
25,1,0.2317089697
26,1,0.2317089697
27,1,0.2317089697
28,1,0.2317089697
29,1,0.2317089697
30,1,0.2317089697
31,1,0.2317089697
32,1,0.2208735691
33,1,0.2208735691
34,1,0.2208735691
35,1,0.2208735691
36,1,0.2208735691
37,1,0.2208735691
38,1,0.2208735691
39,1,0.2208735691
40,1,0.2208735691
41,1,0.2208735691
42,1,0.2208735691
43,1,0.2208735691
44,1,0.2208735691
45,1,0.2208735691
46,1,0.2208735691
47,1,0.2208735691
48,1,0.2208735691
49,1,0.2208735691
50,1,0.2208735691
51,1,0.2208735691
52,1,0.2208735691
53,1,0.2208735691
54,1,0.2208735691
55,1,0.2208735691
56,1,0.2208735691
57,1,0.2208735691
58,1,0.2208735691
59,1,0.2208735691
60,1,0.2208735691
61,1,0.2208735691
62,1,0.2208735691
63,1,0.2208735691
64,1,0.2208735691
65,1,0.2208735691
66,1,0.2208735691
67,1,0.2208735691
68,1,0.2208735691
69,1,0.2208735691
70,1,0.2208735691
71,1,0.2208735691
72,1,0.2208735691
73,1,0.2208735691
74,1,0.2201220414
75,1,0.2201220414
76,1,0.2201220414
77,1,0.2201220414
78,1,0.2201220414
79,1,0.2201220414
80,1,0.2201220414
81,1,0.2201220414
82,1,0.2201220414
83,1,0.2201220414
84,1,0.2201220414
85,1,0.2201220414
86,1,0.2201220414
87,1,0.2201220414
88,1,0.2201220414
89,1,0.2201220414
90,1,0.2201220414
91,1,0.2201220414
92,1,0.2201220414
93,1,0.2201220414
94,1,0.2095736503
95,1,0.2095736503
96,1,0.2095736503
97,1,0.2095736503
98,1,0.2095736503
99,1,0.2095736503
100,1,0.2095736503
101,1,0.2095736503
102,1,0.2095736503
103,1,0.2095736503
104,1,0.2095736503
105,1,0.2095736503
106,1,0.2095736503
107,1,0.2095736503
108,1,0.2095736503
109,1,0.2095736503
110,1,0.2095736503
111,1,0.2095736503
112,1,0.2095736503
113,1,0.2095736503
114,1,0.2095736503
115,1,0.2095736503
116,1,0.2095736503
117,1,0.2095736503
118,1,0.2095736503
119,1,0.2095736503
120,1,0.2095736503
121,1,0.2095736503
122,1,0.2095736503
123,1,0.2095736503
124,1,0.2095736503
125,1,0.2095736503
126,1,0.2095736503
127,1,0.2095736503
128,1,0.2095736503
129,1,0.2095736503
130,1,0.2095736503
131,1,0.2095736503
132,1,0.2095736503
133,1,0.2084268318
134,1,0.2084268318
135,1,0.2084268318
136,1,0.2084268318
137,1,0.2084268318
138,1,0.2084268318
139,1,0.2084268318
140,1,0.2084268318
141,1,0.2084268318
142,1,0.2084268318
143,1,0.2084268318
144,1,0.2084268318
145,1,0.2084268318
146,1,0.2084268318
147,1,0.2084268318
148,1,0.2084268318
149,1,0.2084268318
0,2,0.2258062159
1,2,0.2258062159
2,2,0.2258062159
3,2,0.2258062159
4,2,0.2258062159
5,2,0.2258062159
6,2,0.2258062159
7,2,0.2258062159
8,2,0.2258062159
9,2,0.2214186934
10,2,0.2180163989
11,2,0.2180163989
12,2,0.2180163989
13,2,0.2180163989
14,2,0.2180163989
15,2,0.2180163989
16,2,0.2180163989
17,2,0.2180163989
18,2,0.2180163989
19,2,0.2180163989
20,2,0.2180163989
21,2,0.2180163989
22,2,0.2180163989
23,2,0.2180163989
24,2,0.2180163989
25,2,0.2180163989
26,2,0.2180163989
27,2,0.2180163989
28,2,0.2178367945
29,2,0.2178367945
30,2,0.2178367945
31,2,0.2178367945
32,2,0.2178367945
33,2,0.2178367945
34,2,0.2178367945
35,2,0.2178367945
36,2,0.2178367945
37,2,0.2178367945
38,2,0.2178367945
39,2,0.2178367945
40,2,0.2178367945
41,2,0.2178367945
42,2,0.2178367945
43,2,0.2178367945
44,2,0.2178367945
45,2,0.2178367945
46,2,0.2178367945
47,2,0.2178367945
48,2,0.2178367945
49,2,0.2178367945
50,2,0.2178367945
51,2,0.2178367945
52,2,0.2178367945
53,2,0.2178367945
54,2,0.2178367945
55,2,0.2178367945
56,2,0.2178367945
57,2,0.2178367945
58,2,0.2178367945
59,2,0.2178367945
60,2,0.2178367945
61,2,0.2178367945
62,2,0.2178367945
63,2,0.2178367945
64,2,0.2178367945
65,2,0.2178367945
66,2,0.2178367945
67,2,0.2178367945
68,2,0.2178367945
69,2,0.2178367945
70,2,0.2178367945
71,2,0.2178367945
72,2,0.2178367945
73,2,0.2178367945
74,2,0.2178367945
75,2,0.2178367945
76,2,0.2178367945
77,2,0.2178367945
78,2,0.2178367945
79,2,0.2178367945
80,2,0.2178367945
81,2,0.2178367945
82,2,0.2178367945
83,2,0.2178367945
84,2,0.2178367945
85,2,0.2178367945
86,2,0.2178367945
87,2,0.2178012000
88,2,0.2178012000
89,2,0.2178012000
90,2,0.2178012000
91,2,0.2178012000
92,2,0.2178012000
93,2,0.2178012000
94,2,0.2178012000
95,2,0.2178012000
96,2,0.2178012000
97,2,0.2178012000
98,2,0.2178012000
99,2,0.2178012000
100,2,0.2178012000
101,2,0.2178012000
102,2,0.2178012000
103,2,0.2178012000
104,2,0.2178012000
105,2,0.2178012000
106,2,0.2178012000
107,2,0.2178012000
108,2,0.2144468123
109,2,0.2144468123
110,2,0.2144468123
111,2,0.2144468123
112,2,0.2144468123
113,2,0.2144468123
114,2,0.2144468123
115,2,0.2144468123
116,2,0.2144468123
117,2,0.2144468123
118,2,0.2144468123
119,2,0.2144468123
120,2,0.2144468123
121,2,0.2144468123
122,2,0.2144468123
123,2,0.2144468123
124,2,0.2144468123
125,2,0.2144468123
126,2,0.2144468123
127,2,0.2144468123
128,2,0.2144468123
129,2,0.2144468123
130,2,0.2144468123
131,2,0.2144468123
132,2,0.2144468123
133,2,0.2144468123
134,2,0.2144468123
135,2,0.2144468123
136,2,0.2144468123
137,2,0.2144468123
138,2,0.2144468123
139,2,0.2144468123
140,2,0.2144468123
141,2,0.2144468123
142,2,0.2144468123
143,2,0.2144468123
144,2,0.2144468123
145,2,0.2144468123
146,2,0.2144468123
147,2,0.2144468123
148,2,0.2144468123
149,2,0.2144468123
0,3,0.2413525233
1,3,0.2413525233
2,3,0.2403632189
3,3,0.2403632189
4,3,0.2341625437
5,3,0.2341625437
6,3,0.2341625437
7,3,0.2341625437
8,3,0.2341625437
9,3,0.2341625437
10,3,0.2341625437
11,3,0.2341625437
12,3,0.2262600928
13,3,0.2262600928
14,3,0.2262600928
15,3,0.2187589378
16,3,0.2187589378
17,3,0.2187589378
18,3,0.2187589378
19,3,0.2187589378
20,3,0.2187589378
21,3,0.2187589378
22,3,0.2187589378
23,3,0.2187589378
24,3,0.2187589378
25,3,0.2187589378
26,3,0.2187589378
27,3,0.2187589378
28,3,0.2187589378
29,3,0.2187589378
30,3,0.2187589378
31,3,0.2187589378
32,3,0.2187589378
33,3,0.2187589378
34,3,0.2187589378
35,3,0.2187589378
36,3,0.2187589378
37,3,0.2187589378
38,3,0.2187589378
39,3,0.2187589378
40,3,0.2187589378
41,3,0.2187589378
42,3,0.2184658310
43,3,0.2184658310
44,3,0.2184658310
45,3,0.2184658310
46,3,0.2184658310
47,3,0.2184658310
48,3,0.2184658310
49,3,0.2059350069
50,3,0.2059350069
51,3,0.2059350069
52,3,0.2059350069
53,3,0.2059350069
54,3,0.2059350069
55,3,0.2059350069
56,3,0.2059350069
57,3,0.2059350069
58,3,0.2059350069
59,3,0.2059350069
60,3,0.2059350069
61,3,0.2059350069
62,3,0.2059350069
63,3,0.2059350069
64,3,0.2059350069
65,3,0.2059350069
66,3,0.2059350069
67,3,0.2059350069
68,3,0.2059350069
69,3,0.2059350069
70,3,0.2059350069
71,3,0.2059350069
72,3,0.2059350069
73,3,0.2059350069
74,3,0.2059350069
75,3,0.2059350069
76,3,0.2059350069
77,3,0.2059350069
78,3,0.2059350069
79,3,0.2059350069
80,3,0.2059350069
81,3,0.2059350069
82,3,0.2059350069
83,3,0.2059350069
84,3,0.2059350069
85,3,0.2059350069
86,3,0.2059350069
87,3,0.2055370862
88,3,0.2055370862
89,3,0.2055370862
90,3,0.2055370862
91,3,0.2055370862
92,3,0.2055370862
93,3,0.2055370862
94,3,0.2055370862
95,3,0.2055370862
96,3,0.2055370862
97,3,0.2055370862
98,3,0.2055370862
99,3,0.2055370862
100,3,0.2055370862
101,3,0.2055370862
102,3,0.2055370862
103,3,0.2055370862
104,3,0.2055370862
105,3,0.2055370862
106,3,0.2055370862
107,3,0.2055370862
108,3,0.2055370862
109,3,0.2055370862
110,3,0.2055370862
111,3,0.2055370862
112,3,0.2055370862
113,3,0.2055370862
114,3,0.2055370862
115,3,0.2055370862
116,3,0.2055370862
117,3,0.2055370862
118,3,0.2055370862
119,3,0.2055370862
120,3,0.2055370862
121,3,0.2055370862
122,3,0.2055370862
123,3,0.2055370862
124,3,0.2055370862
125,3,0.2055370862
126,3,0.2055370862
127,3,0.2055370862
128,3,0.2055370862
129,3,0.2055370862
130,3,0.2055370862
131,3,0.2055370862
132,3,0.2055370862
133,3,0.2055370862
134,3,0.2055370862
135,3,0.2055370862
136,3,0.2055370862
137,3,0.2055370862
138,3,0.2055370862
139,3,0.2055370862
140,3,0.2055370862
141,3,0.2055370862
142,3,0.2055370862
143,3,0.2055370862
144,3,0.2055370862
145,3,0.2055370862
146,3,0.2055370862
147,3,0.2055370862
148,3,0.2055370862
149,3,0.2055370862
0,4,0.2354692495
1,4,0.2354692495
2,4,0.2354692495
3,4,0.2354692495
4,4,0.2354692495
5,4,0.2354692495
6,4,0.2354692495
7,4,0.2332877257
8,4,0.2332877257
9,4,0.2312072669
10,4,0.2311622464
11,4,0.2311622464
12,4,0.2311622464
13,4,0.2311622464
14,4,0.2311622464
15,4,0.2311622464
16,4,0.2311622464
17,4,0.2311622464
18,4,0.2311622464
19,4,0.2311622464
20,4,0.2311622464
21,4,0.2310517590
22,4,0.2295977389
23,4,0.2295977389
24,4,0.2295977389
25,4,0.2295977389
26,4,0.2295977389
27,4,0.2295977389
28,4,0.2295977389
29,4,0.2295977389
30,4,0.2295977389
31,4,0.2295977389
32,4,0.2295977389
33,4,0.2295977389
34,4,0.2295977389
35,4,0.2295977389
36,4,0.2274590725
37,4,0.2274590725
38,4,0.2274590725
39,4,0.2274590725
40,4,0.2274590725
41,4,0.2274590725
42,4,0.2274590725
43,4,0.2274590725
44,4,0.2274590725
45,4,0.2274590725
46,4,0.2274590725
47,4,0.2274590725
48,4,0.2274590725
49,4,0.2274590725
50,4,0.2274590725
51,4,0.2274590725
52,4,0.2274590725
53,4,0.2274590725
54,4,0.2274590725
55,4,0.2254864369
56,4,0.2254864369
57,4,0.2158618334
58,4,0.2158618334
59,4,0.2158618334
60,4,0.2158618334
61,4,0.2158618334
62,4,0.2158618334
63,4,0.2158618334
64,4,0.2158618334
65,4,0.2158618334
66,4,0.2158618334
67,4,0.2158618334
68,4,0.2158618334
69,4,0.2158618334
70,4,0.2158618334
71,4,0.2158618334
72,4,0.2158618334
73,4,0.2158618334
74,4,0.2158618334
75,4,0.2158618334
76,4,0.2158618334
77,4,0.2158618334
78,4,0.2158618334
79,4,0.2074719704
80,4,0.2074719704
81,4,0.2074719704
82,4,0.2074719704
83,4,0.2074719704
84,4,0.2074719704
85,4,0.2074719704
86,4,0.2074719704
87,4,0.2074719704
88,4,0.2074719704
89,4,0.2074719704
90,4,0.2074719704
91,4,0.2074719704
92,4,0.2074719704
93,4,0.2074719704
94,4,0.2074719704
95,4,0.2074719704
96,4,0.2074719704
97,4,0.2074719704
98,4,0.2074719704
99,4,0.2074719704
100,4,0.2074719704
101,4,0.2074719704
102,4,0.2074719704
103,4,0.2074719704
104,4,0.2074719704
105,4,0.2074719704
106,4,0.2074719704
107,4,0.2074719704
108,4,0.2074719704
109,4,0.2074719704
110,4,0.2074719704
111,4,0.2074719704
112,4,0.2074719704
113,4,0.2074719704
114,4,0.2074719704
115,4,0.2074719704
116,4,0.2074719704
117,4,0.2074719704
118,4,0.2074719704
119,4,0.2074719704
120,4,0.2074719704
121,4,0.2074719704
122,4,0.2074719704
123,4,0.2074719704
124,4,0.2074719704
125,4,0.2074719704
126,4,0.2074719704
127,4,0.2074719704
128,4,0.2074719704
129,4,0.2074719704
130,4,0.2074719704
131,4,0.2074719704
132,4,0.2074719704
133,4,0.2074719704
134,4,0.2074719704
135,4,0.2074719704
136,4,0.2074719704
137,4,0.2074719704
138,4,0.2074719704
139,4,0.2074719704
140,4,0.2074719704
141,4,0.2074719704
142,4,0.2074719704
143,4,0.2074719704
144,4,0.2074719704
145,4,0.2074719704
146,4,0.2074719704
147,4,0.2074719704
148,4,0.2074719704
149,4,0.2074719704
0,5,0.2398625006
1,5,0.2398625006
2,5,0.2398625006
3,5,0.2398625006
4,5,0.2347094968
5,5,0.2347094968
6,5,0.2347094968
7,5,0.2347094968
8,5,0.2347094968
9,5,0.2237312448
10,5,0.2237312448
11,5,0.2237312448
12,5,0.2237312448
13,5,0.2237312448
14,5,0.2237312448
15,5,0.2237312448
16,5,0.2237312448
17,5,0.2237312448
18,5,0.2237312448
19,5,0.2237312448
20,5,0.2237312448
21,5,0.2237312448
22,5,0.2237312448
23,5,0.2237312448
24,5,0.2237312448
25,5,0.2237312448
26,5,0.2237312448
27,5,0.2237312448
28,5,0.2237312448
29,5,0.2237312448
30,5,0.2237312448
31,5,0.2237312448
32,5,0.2229840793
33,5,0.2229840793
34,5,0.2229840793
35,5,0.2229840793
36,5,0.2229840793
37,5,0.2229840793
38,5,0.2229840793
39,5,0.2202837129
40,5,0.2202837129
41,5,0.2202837129
42,5,0.2202837129
43,5,0.2202837129
44,5,0.2202837129
45,5,0.2202837129
46,5,0.2202837129
47,5,0.2202837129
48,5,0.2202837129
49,5,0.2202837129
50,5,0.2202837129
51,5,0.2202837129
52,5,0.2202837129
53,5,0.2202837129
54,5,0.2202837129
55,5,0.2202837129
56,5,0.2202837129
57,5,0.2202837129
58,5,0.2202837129
59,5,0.2202837129
60,5,0.2202837129
61,5,0.2202837129
62,5,0.2202837129
63,5,0.2202837129
64,5,0.2202837129
65,5,0.2202837129
66,5,0.2202837129
67,5,0.2202837129
68,5,0.2150178439
69,5,0.2150178439
70,5,0.2150178439
71,5,0.2150178439
72,5,0.2150178439
73,5,0.2150178439
74,5,0.2150178439
75,5,0.2150178439
76,5,0.2150178439
77,5,0.2150178439
78,5,0.2150178439
79,5,0.2150178439
80,5,0.2150178439
81,5,0.2150178439
82,5,0.2150178439
83,5,0.2150178439
84,5,0.2150178439
85,5,0.2150178439
86,5,0.2150178439
87,5,0.2150178439
88,5,0.2150178439
89,5,0.2150178439
90,5,0.2150178439
91,5,0.2150178439
92,5,0.2150178439
93,5,0.2150178439
94,5,0.2150178439
95,5,0.2150178439
96,5,0.2150178439
97,5,0.2150178439
98,5,0.2150178439
99,5,0.2150178439
100,5,0.2150178439
101,5,0.2150178439
102,5,0.2150178439
103,5,0.2150178439
104,5,0.2150178439
105,5,0.2150178439
106,5,0.2150178439
107,5,0.2150178439
108,5,0.2150178439
109,5,0.2150178439
110,5,0.2150178439
111,5,0.2150178439
112,5,0.2150178439
113,5,0.2150178439
114,5,0.2150178439
115,5,0.2150178439
116,5,0.2150178439
117,5,0.2150178439
118,5,0.2150178439
119,5,0.2150178439
120,5,0.2150178439
121,5,0.2150178439
122,5,0.2150178439
123,5,0.2150178439
124,5,0.2150178439
125,5,0.2150178439
126,5,0.2150178439
127,5,0.2150178439
128,5,0.2150178439
129,5,0.2150178439
130,5,0.2150178439
131,5,0.2150178439
132,5,0.2150178439
133,5,0.2150178439
134,5,0.2150178439
135,5,0.2150178439
136,5,0.2150178439
137,5,0.2150178439
138,5,0.2150178439
139,5,0.2150178439
140,5,0.2150178439
141,5,0.2150178439
142,5,0.2150178439
143,5,0.2150178439
144,5,0.2150178439
145,5,0.2150178439
146,5,0.2150178439
147,5,0.2150178439
148,5,0.2150178439
149,5,0.2150178439
0,6,0.2350788412
1,6,0.2350788412
2,6,0.2350788412
3,6,0.2350788412
4,6,0.2350788412
5,6,0.2350788412
6,6,0.2350788412
7,6,0.2243104174
8,6,0.2243104174
9,6,0.2243104174
10,6,0.2243104174
11,6,0.2243104174
12,6,0.2243104174
13,6,0.2243104174
14,6,0.2243104174
15,6,0.2243104174
16,6,0.2243104174
17,6,0.2243104174
18,6,0.2243104174
19,6,0.2243104174
20,6,0.2243104174
21,6,0.2243104174
22,6,0.2243104174
23,6,0.2243104174
24,6,0.2243104174
25,6,0.2243104174
26,6,0.2243104174
27,6,0.2243104174
28,6,0.2243104174
29,6,0.2243104174
30,6,0.2243104174
31,6,0.2243104174
32,6,0.2243104174
33,6,0.2243104174
34,6,0.2243104174
35,6,0.2243104174
36,6,0.2243104174
37,6,0.2243104174
38,6,0.2243104174
39,6,0.2243104174
40,6,0.2243104174
41,6,0.2243104174
42,6,0.2243104174
43,6,0.2243104174
44,6,0.2243104174
45,6,0.2179131498
46,6,0.2179131498
47,6,0.2179131498
48,6,0.2179131498
49,6,0.2179131498
50,6,0.2179131498
51,6,0.2179131498
52,6,0.2179131498
53,6,0.2179131498
54,6,0.2179131498
55,6,0.2179131498
56,6,0.2179131498
57,6,0.2179131498
58,6,0.2179131498
59,6,0.2179131498
60,6,0.2179131498
61,6,0.2179131498
62,6,0.2179131498
63,6,0.2179131498
64,6,0.2179131498
65,6,0.2176982457
66,6,0.2176982457
67,6,0.2176982457
68,6,0.2176982457
69,6,0.2176982457
70,6,0.2164651379
71,6,0.2164651379
72,6,0.2164651379
73,6,0.2164651379
74,6,0.2164651379
75,6,0.2164651379
76,6,0.2164651379
77,6,0.2164651379
78,6,0.2164651379
79,6,0.2164651379
80,6,0.2164651379
81,6,0.2164651379
82,6,0.2164651379
83,6,0.2164651379
84,6,0.2164651379
85,6,0.2164651379
86,6,0.2164651379
87,6,0.2164651379
88,6,0.2164651379
89,6,0.2164651379
90,6,0.2164651379
91,6,0.2164651379
92,6,0.2143192824
93,6,0.2143192824
94,6,0.2143192824
95,6,0.2143192824
96,6,0.2143192824
97,6,0.2143192824
98,6,0.2143192824
99,6,0.2143192824
100,6,0.2143192824
101,6,0.2143192824
102,6,0.2143192824
103,6,0.2143192824
104,6,0.2143192824
105,6,0.2143192824
106,6,0.2143192824
107,6,0.2143192824
108,6,0.2138343787
109,6,0.2138343787
110,6,0.2138343787
111,6,0.2138343787
112,6,0.2138343787
113,6,0.2138343787
114,6,0.2138343787
115,6,0.2138343787
116,6,0.2138343787
117,6,0.2138343787
118,6,0.2138343787
119,6,0.2132180591
120,6,0.2132180591
121,6,0.2132180591
122,6,0.2132180591
123,6,0.2132180591
124,6,0.2132180591
125,6,0.2132180591
126,6,0.2132180591
127,6,0.2132180591
128,6,0.2132180591
129,6,0.2132180591
130,6,0.2132180591
131,6,0.2132180591
132,6,0.2132180591
133,6,0.2132180591
134,6,0.2132180591
135,6,0.2132180591
136,6,0.2132180591
137,6,0.2132180591
138,6,0.2132180591
139,6,0.2132180591
140,6,0.2132180591
141,6,0.2132180591
142,6,0.2132180591
143,6,0.2132180591
144,6,0.2132180591
145,6,0.2132180591
146,6,0.2132180591
147,6,0.2132180591
148,6,0.2132180591
149,6,0.2132180591
0,7,0.2306777983
1,7,0.2296938468
2,7,0.2263681328
3,7,0.2263681328
4,7,0.2249048273
5,7,0.2249048273
6,7,0.2249048273
7,7,0.2249048273
8,7,0.2249048273
9,7,0.2249048273
10,7,0.2249048273
11,7,0.2249048273
12,7,0.2249048273
13,7,0.2249048273
14,7,0.2249048273
15,7,0.2249048273
16,7,0.2249048273
17,7,0.2249048273
18,7,0.2249048273
19,7,0.2249048273
20,7,0.2249048273
21,7,0.2249048273
22,7,0.2244857040
23,7,0.2244857040
24,7,0.2244857040
25,7,0.2244857040
26,7,0.2244857040
27,7,0.2244857040
28,7,0.2244857040
29,7,0.2244857040
30,7,0.2244857040
31,7,0.2244857040
32,7,0.2244857040
33,7,0.2244857040
34,7,0.2244857040
35,7,0.2244857040
36,7,0.2244857040
37,7,0.2244857040
38,7,0.2244857040
39,7,0.2244857040
40,7,0.2244857040
41,7,0.2244857040
42,7,0.2244857040
43,7,0.2244857040
44,7,0.2244857040
45,7,0.2244857040
46,7,0.2244857040
47,7,0.2244857040
48,7,0.2244857040
49,7,0.2236612390
50,7,0.2236612390
51,7,0.2236612390
52,7,0.2236612390
53,7,0.2229254887
54,7,0.2229254887
55,7,0.2229254887
56,7,0.2229254887
57,7,0.2229254887
58,7,0.2229254887
59,7,0.2229254887
60,7,0.2229254887
61,7,0.2229254887
62,7,0.2229254887
63,7,0.2229254887
64,7,0.2229254887
65,7,0.2229254887
66,7,0.2229254887
67,7,0.2229254887
68,7,0.2229254887
69,7,0.2229254887
70,7,0.2229254887
71,7,0.2229254887
72,7,0.2229254887
73,7,0.2229254887
74,7,0.2229254887
75,7,0.2229254887
76,7,0.2229254887
77,7,0.2229254887
78,7,0.2229254887
79,7,0.2229254887
80,7,0.2229254887
81,7,0.2229254887
82,7,0.2229254887
83,7,0.2229254887
84,7,0.2229254887
85,7,0.2229254887
86,7,0.2229254887
87,7,0.2229254887
88,7,0.2229254887
89,7,0.2229254887
90,7,0.2229254887
91,7,0.2229254887
92,7,0.2229254887
93,7,0.2229254887
94,7,0.2229254887
95,7,0.2229254887
96,7,0.2229254887
97,7,0.2218239215
98,7,0.2218239215
99,7,0.2218239215
100,7,0.2218239215
101,7,0.2218239215
102,7,0.2218239215
103,7,0.2218239215
104,7,0.2218239215
105,7,0.2218239215
106,7,0.2132486683
107,7,0.2132486683
108,7,0.2132486683
109,7,0.2132486683
110,7,0.2132486683
111,7,0.2132486683
112,7,0.2132486683
113,7,0.2132486683
114,7,0.2132486683
115,7,0.2132486683
116,7,0.2132486683
117,7,0.2132486683
118,7,0.2132486683
119,7,0.2132486683
120,7,0.2132486683
121,7,0.2132486683
122,7,0.2132486683
123,7,0.2132486683
124,7,0.2132486683
125,7,0.2132486683
126,7,0.2132486683
127,7,0.2132486683
128,7,0.2132486683
129,7,0.2132486683
130,7,0.2132486683
131,7,0.2132486683
132,7,0.2132486683
133,7,0.2132486683
134,7,0.2132486683
135,7,0.2132486683
136,7,0.2132486683
137,7,0.2132486683
138,7,0.2132486683
139,7,0.2132486683
140,7,0.2132486683
141,7,0.2132486683
142,7,0.2132486683
143,7,0.2132486683
144,7,0.2132486683
145,7,0.2132486683
146,7,0.2132486683
147,7,0.2132486683
148,7,0.2132486683
149,7,0.2132486683
0,8,0.2218738528
1,8,0.2218738528
2,8,0.2218738528
3,8,0.2218738528
4,8,0.2198789977
5,8,0.2198789977
6,8,0.2198789977
7,8,0.2198789977
8,8,0.2198789977
9,8,0.2198789977
10,8,0.2198789977
11,8,0.2198789977
12,8,0.2198789977
13,8,0.2198789977
14,8,0.2198789977
15,8,0.2198789977
16,8,0.2198789977
17,8,0.2198789977
18,8,0.2198789977
19,8,0.2198789977
20,8,0.2198789977
21,8,0.2198789977
22,8,0.2198789977
23,8,0.2198789977
24,8,0.2198789977
25,8,0.2198789977
26,8,0.2198789977
27,8,0.2198271233
28,8,0.2198271233
29,8,0.2198271233
30,8,0.2198271233
31,8,0.2198271233
32,8,0.2198271233
33,8,0.2198271233
34,8,0.2198271233
35,8,0.2198271233
36,8,0.2198271233
37,8,0.2198271233
38,8,0.2198271233
39,8,0.2198271233
40,8,0.2198271233
41,8,0.2198271233
42,8,0.2198271233
43,8,0.2198271233
44,8,0.2198271233
45,8,0.2198271233
46,8,0.2198271233
47,8,0.2198271233
48,8,0.2198271233
49,8,0.2198271233
50,8,0.2198271233
51,8,0.2198271233
52,8,0.2198271233
53,8,0.2198271233
54,8,0.2198271233
55,8,0.2198271233
56,8,0.2198271233
57,8,0.2198271233
58,8,0.2198271233
59,8,0.2198271233
60,8,0.2198271233
61,8,0.2198271233
62,8,0.2198271233
63,8,0.2198271233
64,8,0.2198271233
65,8,0.2198271233
66,8,0.2198271233
67,8,0.2198271233
68,8,0.2198271233
69,8,0.2198271233
70,8,0.2198271233
71,8,0.2198271233
72,8,0.2198271233
73,8,0.2198271233
74,8,0.2198271233
75,8,0.2198271233
76,8,0.2198271233
77,8,0.2198271233
78,8,0.2198271233
79,8,0.2198271233
80,8,0.2198271233
81,8,0.2198271233
82,8,0.2198271233
83,8,0.2198271233
84,8,0.2198271233
85,8,0.2198271233
86,8,0.2198271233
87,8,0.2198271233
88,8,0.2198271233
89,8,0.2198271233
90,8,0.2198271233
91,8,0.2198271233
92,8,0.2198271233
93,8,0.2198271233
94,8,0.2198271233
95,8,0.2198271233
96,8,0.2198271233
97,8,0.2198271233
98,8,0.2198271233
99,8,0.2198271233
100,8,0.2198271233
101,8,0.2140816144
102,8,0.2140816144
103,8,0.2134539944
104,8,0.2134539944
105,8,0.2134539944
106,8,0.2134539944
107,8,0.2134539944
108,8,0.2134539944
109,8,0.2131184564
110,8,0.2131184564
111,8,0.2131184564
112,8,0.2131184564
113,8,0.2131184564
114,8,0.2131184564
115,8,0.2131184564
116,8,0.2131184564
117,8,0.2131184564
118,8,0.2131184564
119,8,0.2028803917
120,8,0.2028803917
121,8,0.2028803917
122,8,0.2028803917
123,8,0.2028803917
124,8,0.2028803917
125,8,0.2028803917
126,8,0.2028803917
127,8,0.2028803917
128,8,0.2028803917
129,8,0.2009168626
130,8,0.2009168626
131,8,0.2009168626
132,8,0.2009168626
133,8,0.2009168626
134,8,0.2009168626
135,8,0.2009168626
136,8,0.2009168626
137,8,0.2009168626
138,8,0.2009168626
139,8,0.2009168626
140,8,0.2009168626
141,8,0.2009168626
142,8,0.2009168626
143,8,0.2009168626
144,8,0.2009168626
145,8,0.2009168626
146,8,0.2006907167
147,8,0.2006907167
148,8,0.2006907167
149,8,0.2006907167
0,9,0.2315372957
1,9,0.2315372957
2,9,0.2315372957
3,9,0.2315372957
4,9,0.2315372957
5,9,0.2315372957
6,9,0.2315372957
7,9,0.2315372957
8,9,0.2315372957
9,9,0.2315372957
10,9,0.2315372957
11,9,0.2315372957
12,9,0.2315372957
13,9,0.2315372957
14,9,0.2315372957
15,9,0.2315372957
16,9,0.2183983432
17,9,0.2183983432
18,9,0.2182596001
19,9,0.2182596001
20,9,0.2182596001
21,9,0.2182596001
22,9,0.2182596001
23,9,0.2141938191
24,9,0.2141938191
25,9,0.2141938191
26,9,0.2141938191
27,9,0.2141938191
28,9,0.2141938191
29,9,0.2141938191
30,9,0.2141938191
31,9,0.2141938191
32,9,0.2141938191
33,9,0.2141938191
34,9,0.2141938191
35,9,0.2141938191
36,9,0.2141938191
37,9,0.2141938191
38,9,0.2141938191
39,9,0.2141938191
40,9,0.2141938191
41,9,0.2141938191
42,9,0.2141938191
43,9,0.2141938191
44,9,0.2141938191
45,9,0.2141938191
46,9,0.2141938191
47,9,0.2141938191
48,9,0.2141938191
49,9,0.2141938191
50,9,0.2141938191
51,9,0.2141938191
52,9,0.2141938191
53,9,0.2141938191
54,9,0.2141938191
55,9,0.2141938191
56,9,0.2141938191
57,9,0.2141938191
58,9,0.2141938191
59,9,0.2141938191
60,9,0.2141938191
61,9,0.2141938191
62,9,0.2141938191
63,9,0.2141938191
64,9,0.2141938191
65,9,0.2141938191
66,9,0.2141938191
67,9,0.2141938191
68,9,0.2141938191
69,9,0.2141938191
70,9,0.2141938191
71,9,0.2141938191
72,9,0.2141938191
73,9,0.2141938191
74,9,0.2141938191
75,9,0.2141938191
76,9,0.2141938191
77,9,0.2141938191
78,9,0.2141938191
79,9,0.2141938191
80,9,0.2141938191
81,9,0.2141938191
82,9,0.2141938191
83,9,0.2141938191
84,9,0.2141938191
85,9,0.2141938191
86,9,0.2141938191
87,9,0.2141938191
88,9,0.2141938191
89,9,0.2141938191
90,9,0.2141938191
91,9,0.2141938191
92,9,0.2141938191
93,9,0.2141938191
94,9,0.2141938191
95,9,0.2141938191
96,9,0.2141938191
97,9,0.2141938191
98,9,0.2141938191
99,9,0.2141938191
100,9,0.2141938191
101,9,0.2141938191
102,9,0.2141938191
103,9,0.2141938191
104,9,0.2141938191
105,9,0.2141938191
106,9,0.2141938191
107,9,0.2141938191
108,9,0.2141938191
109,9,0.2141938191
110,9,0.2141938191
111,9,0.2141938191
112,9,0.2141938191
113,9,0.2141938191
114,9,0.2141938191
115,9,0.2141938191
116,9,0.2141938191
117,9,0.2141938191
118,9,0.2141938191
119,9,0.2141938191
120,9,0.2141938191
121,9,0.2141938191
122,9,0.2141938191
123,9,0.2141938191
124,9,0.2141938191
125,9,0.2141938191
126,9,0.2141938191
127,9,0.2141938191
128,9,0.2141938191
129,9,0.2141938191
130,9,0.2141938191
131,9,0.2141938191
132,9,0.2141938191
133,9,0.2141938191
134,9,0.2141938191
135,9,0.2141938191
136,9,0.2141938191
137,9,0.2141938191
138,9,0.2141938191
139,9,0.2141938191
140,9,0.2141938191
141,9,0.2141938191
142,9,0.2141938191
143,9,0.2141938191
144,9,0.2141938191
145,9,0.2141938191
146,9,0.2141938191
147,9,0.2141938191
148,9,0.2141938191
149,9,0.2141938191
0,10,0.2410090467
1,10,0.2410090467
2,10,0.2410090467
3,10,0.2410090467
4,10,0.2410090467
5,10,0.2410090467
6,10,0.2385866440
7,10,0.2385866440
8,10,0.2385866440
9,10,0.2385866440
10,10,0.2385866440
11,10,0.2365416877
12,10,0.2365416877
13,10,0.2365416877
14,10,0.2365416877
15,10,0.2365416877
16,10,0.2319421479
17,10,0.2319421479
18,10,0.2319421479
19,10,0.2319421479
20,10,0.2319421479
21,10,0.2319421479
22,10,0.2319421479
23,10,0.2319421479
24,10,0.2319421479
25,10,0.2319421479
26,10,0.2319421479
27,10,0.2319421479
28,10,0.2287829717
29,10,0.2287829717
30,10,0.2287829717
31,10,0.2287829717
32,10,0.2287829717
33,10,0.2287829717
34,10,0.2287829717
35,10,0.2287829717
36,10,0.2261451944
37,10,0.2261451944
38,10,0.2261451944
39,10,0.2261451944
40,10,0.2261451944
41,10,0.2261451944
42,10,0.2261451944
43,10,0.2261451944
44,10,0.2261451944
45,10,0.2261451944
46,10,0.2261451944
47,10,0.2261451944
48,10,0.2261451944
49,10,0.2261451944
50,10,0.2261451944
51,10,0.2261451944
52,10,0.2261451944
53,10,0.2261451944
54,10,0.2261451944
55,10,0.2231452940
56,10,0.2231452940
57,10,0.2231452940
58,10,0.2231452940
59,10,0.2231452940
60,10,0.2231452940
61,10,0.2231452940
62,10,0.2231452940
63,10,0.2231452940
64,10,0.2231452940
65,10,0.2231452940
66,10,0.2231452940
67,10,0.2231452940
68,10,0.2231452940
69,10,0.2231452940
70,10,0.2231452940
71,10,0.2231452940
72,10,0.2231452940
73,10,0.2231452940
74,10,0.2231452940
75,10,0.2231452940
76,10,0.2231452940
77,10,0.2231452940
78,10,0.2231452940
79,10,0.2231452940
80,10,0.2231452940
81,10,0.2231452940
82,10,0.2231452940
83,10,0.2231452940
84,10,0.2231452940
85,10,0.2231452940
86,10,0.2231452940
87,10,0.2231452940
88,10,0.2231452940
89,10,0.2231452940
90,10,0.2231452940
91,10,0.2231452940
92,10,0.2231452940
93,10,0.2231452940
94,10,0.2231452940
95,10,0.2197772213
96,10,0.2197772213
97,10,0.2197772213
98,10,0.2197772213
99,10,0.2197772213
100,10,0.2197772213
101,10,0.2197772213
102,10,0.2197772213
103,10,0.2197772213
104,10,0.2197772213
105,10,0.2197772213
106,10,0.2197772213
107,10,0.2197772213
108,10,0.2197772213
109,10,0.2197772213
110,10,0.2197772213
111,10,0.2197772213
112,10,0.2197772213
113,10,0.2197772213
114,10,0.2197772213
115,10,0.2197772213
116,10,0.2197772213
117,10,0.2197772213
118,10,0.2197772213
119,10,0.2197772213
120,10,0.2197772213
121,10,0.2197772213
122,10,0.2197772213
123,10,0.2197772213
124,10,0.2197772213
125,10,0.2197772213
126,10,0.2197772213
127,10,0.2197772213
128,10,0.2197772213
129,10,0.2197772213
130,10,0.2197772213
131,10,0.2197772213
132,10,0.2197772213
133,10,0.2197772213
134,10,0.2197772213
135,10,0.2197772213
136,10,0.2197772213
137,10,0.2197772213
138,10,0.2197772213
139,10,0.2197772213
140,10,0.2197772213
141,10,0.2197772213
142,10,0.2197772213
143,10,0.2197772213
144,10,0.2197772213
145,10,0.2197772213
146,10,0.2197772213
147,10,0.2197772213
148,10,0.2140296445
149,10,0.2140296445
0,11,0.2354449806
1,11,0.2354449806
2,11,0.2354449806
3,11,0.2354449806
4,11,0.2354449806
5,11,0.2354449806
6,11,0.2354449806
7,11,0.2354449806
8,11,0.2263869801
9,11,0.2263869801
10,11,0.2263869801
11,11,0.2263869801
12,11,0.2263869801
13,11,0.2263869801
14,11,0.2263869801
15,11,0.2263869801
16,11,0.2263869801
17,11,0.2263869801
18,11,0.2261432089
19,11,0.2261432089
20,11,0.2261432089
21,11,0.2261432089
22,11,0.2261432089
23,11,0.2261432089
24,11,0.2261432089
25,11,0.2261432089
26,11,0.2261432089
27,11,0.2261432089
28,11,0.2261432089
29,11,0.2261432089
30,11,0.2261432089
31,11,0.2261432089
32,11,0.2261432089
33,11,0.2261432089
34,11,0.2261432089
35,11,0.2261432089
36,11,0.2261432089
37,11,0.2261432089
38,11,0.2261432089
39,11,0.2261432089
40,11,0.2261432089
41,11,0.2261432089
42,11,0.2261432089
43,11,0.2261432089
44,11,0.2261432089
45,11,0.2261432089
46,11,0.2261432089
47,11,0.2261432089
48,11,0.2261432089
49,11,0.2261432089
50,11,0.2261432089
51,11,0.2261432089
52,11,0.2261432089
53,11,0.2261432089
54,11,0.2261432089
55,11,0.2261432089
56,11,0.2261432089
57,11,0.2261432089
58,11,0.2246149733
59,11,0.2246149733
60,11,0.2246149733
61,11,0.2246149733
62,11,0.2246149733
63,11,0.2246149733
64,11,0.2246149733
65,11,0.2246149733
66,11,0.2230951567
67,11,0.2230951567
68,11,0.2230951567
69,11,0.2230951567
70,11,0.2230951567
71,11,0.2230951567
72,11,0.2217154209
73,11,0.2217154209
74,11,0.2217154209
75,11,0.2217154209
76,11,0.2217154209
77,11,0.2217154209
78,11,0.2217154209
79,11,0.2217154209
80,11,0.2217154209
81,11,0.2217154209
82,11,0.2217154209
83,11,0.2211783178
84,11,0.2211783178
85,11,0.2211783178
86,11,0.2211783178
87,11,0.2211783178
88,11,0.2211783178
89,11,0.2211783178
90,11,0.2211783178
91,11,0.2211783178
92,11,0.2211783178
93,11,0.2211783178
94,11,0.2211783178
95,11,0.2211783178
96,11,0.2211783178
97,11,0.2211783178
98,11,0.2211783178
99,11,0.2211783178
100,11,0.2211783178
101,11,0.2211783178
102,11,0.2211783178
103,11,0.2211783178
104,11,0.2151561630
105,11,0.2151561630
106,11,0.2151561630
107,11,0.2151561630
108,11,0.2151561630
109,11,0.2151561630
110,11,0.2151561630
111,11,0.2151561630
112,11,0.2151561630
113,11,0.2151561630
114,11,0.2151561630
115,11,0.2151561630
116,11,0.2151561630
117,11,0.2151561630
118,11,0.2151561630
119,11,0.2151561630
120,11,0.2151561630
121,11,0.2151561630
122,11,0.2151561630
123,11,0.2151561630
124,11,0.2151561630
125,11,0.2151561630
126,11,0.2151561630
127,11,0.2151561630
128,11,0.2151561630
129,11,0.2151561630
130,11,0.2151561630
131,11,0.2151561630
132,11,0.2151561630
133,11,0.2151561630
134,11,0.2151561630
135,11,0.2151561630
136,11,0.2151561630
137,11,0.2151561630
138,11,0.2151561630
139,11,0.2151561630
140,11,0.2151561630
141,11,0.2151561630
142,11,0.2151561630
143,11,0.2151561630
144,11,0.2151561630
145,11,0.2151561630
146,11,0.2151561630
147,11,0.2151561630
148,11,0.2151561630
149,11,0.2151561630
0,12,0.2291884686
1,12,0.2291884686
2,12,0.2291884686
3,12,0.2291884686
4,12,0.2282206220
5,12,0.2282206220
6,12,0.2282206220
7,12,0.2282206220
8,12,0.2282206220
9,12,0.2282206220
10,12,0.2282206220
11,12,0.2282206220
12,12,0.2282206220
13,12,0.2282206220
14,12,0.2282206220
15,12,0.2282206220
16,12,0.2267608665
17,12,0.2267608665
18,12,0.2267608665
19,12,0.2267608665
20,12,0.2267608665
21,12,0.2267608665
22,12,0.2267608665
23,12,0.2267608665
24,12,0.2125794962
25,12,0.2125794962
26,12,0.2125794962
27,12,0.2125794962
28,12,0.2125794962
29,12,0.2125794962
30,12,0.2125794962
31,12,0.2125794962
32,12,0.2125794962
33,12,0.2125794962
34,12,0.2125794962
35,12,0.2125794962
36,12,0.2125794962
37,12,0.2125794962
38,12,0.2125794962
39,12,0.2125794962
40,12,0.2125794962
41,12,0.2125794962
42,12,0.2125794962
43,12,0.2125794962
44,12,0.2125794962
45,12,0.2125794962
46,12,0.2125794962
47,12,0.2125794962
48,12,0.2125794962
49,12,0.2125794962
50,12,0.2125794962
51,12,0.2124162716
52,12,0.2124162716
53,12,0.2124162716
54,12,0.2124162716
55,12,0.2124162716
56,12,0.2124162716
57,12,0.2124162716
58,12,0.2124162716
59,12,0.2124162716
60,12,0.2124162716
61,12,0.2124162716
62,12,0.2124162716
63,12,0.2124162716
64,12,0.2124162716
65,12,0.2124162716
66,12,0.2124162716
67,12,0.2124162716
68,12,0.2124162716
69,12,0.2124162716
70,12,0.2124162716
71,12,0.2124162716
72,12,0.2124162716
73,12,0.2124162716
74,12,0.2124162716
75,12,0.2124162716
76,12,0.2124162716
77,12,0.2124162716
78,12,0.2124162716
79,12,0.2124162716
80,12,0.2124162716
81,12,0.2124162716
82,12,0.2124162716
83,12,0.2124162716
84,12,0.2124162716
85,12,0.2118096249
86,12,0.2118096249
87,12,0.2118096249
88,12,0.2118096249
89,12,0.2118096249
90,12,0.2118096249
91,12,0.2118096249
92,12,0.2118096249
93,12,0.2118096249
94,12,0.2118096249
95,12,0.2118096249
96,12,0.2118096249
97,12,0.2118096249
98,12,0.2118096249
99,12,0.2118096249
100,12,0.2118096249
101,12,0.2118096249
102,12,0.2118096249
103,12,0.2118096249
104,12,0.2118096249
105,12,0.2118096249
106,12,0.2118096249
107,12,0.2118096249
108,12,0.2118096249
109,12,0.2118096249
110,12,0.2118096249
111,12,0.2118096249
112,12,0.2118096249
113,12,0.2118096249
114,12,0.2118096249
115,12,0.2118096249
116,12,0.2118096249
117,12,0.2118096249
118,12,0.2113926190
119,12,0.2113926190
120,12,0.2113926190
121,12,0.2113926190
122,12,0.2113926190
123,12,0.2113926190
124,12,0.2113926190
125,12,0.2113926190
126,12,0.2113926190
127,12,0.2113926190
128,12,0.2113926190
129,12,0.2113926190
130,12,0.2113926190
131,12,0.2113926190
132,12,0.2113926190
133,12,0.2113926190
134,12,0.2113926190
135,12,0.2113926190
136,12,0.2113926190
137,12,0.2113926190
138,12,0.2113926190
139,12,0.2113926190
140,12,0.2113926190
141,12,0.2113926190
142,12,0.2113926190
143,12,0.2113926190
144,12,0.2113926190
145,12,0.2113926190
146,12,0.2113926190
147,12,0.2113926190
148,12,0.2113926190
149,12,0.2113926190
0,13,0.2209567523
1,13,0.2186899045
2,13,0.2186899045
3,13,0.2186899045
4,13,0.2186899045
5,13,0.2186899045
6,13,0.2186899045
7,13,0.2186899045
8,13,0.2186899045
9,13,0.2186899045
10,13,0.2186899045
11,13,0.2186899045
12,13,0.2186899045
13,13,0.2186899045
14,13,0.2186899045
15,13,0.2186899045
16,13,0.2186899045
17,13,0.2186899045
18,13,0.2186899045
19,13,0.2186899045
20,13,0.2186899045
21,13,0.2186899045
22,13,0.2186899045
23,13,0.2182049862
24,13,0.2182049862
25,13,0.2182049862
26,13,0.2182049862
27,13,0.2182049862
28,13,0.2182049862
29,13,0.2182049862
30,13,0.2182049862
31,13,0.2181333053
32,13,0.2181333053
33,13,0.2181333053
34,13,0.2181333053
35,13,0.2181333053
36,13,0.2181333053
37,13,0.2181333053
38,13,0.2181333053
39,13,0.2181333053
40,13,0.2181333053
41,13,0.2181333053
42,13,0.2181333053
43,13,0.2181333053
44,13,0.2181333053
45,13,0.2181333053
46,13,0.2181333053
47,13,0.2181333053
48,13,0.2181333053
49,13,0.2181333053
50,13,0.2181333053
51,13,0.2181333053
52,13,0.2181333053
53,13,0.2181333053
54,13,0.2181333053
55,13,0.2181333053
56,13,0.2181333053
57,13,0.2181333053
58,13,0.2181333053
59,13,0.2181333053
60,13,0.2181333053
61,13,0.2181333053
62,13,0.2181333053
63,13,0.2181333053
64,13,0.2181333053
65,13,0.2181333053
66,13,0.2181333053
67,13,0.2181333053
68,13,0.2181333053
69,13,0.2163674742
70,13,0.2163674742
71,13,0.2163674742
72,13,0.2163674742
73,13,0.2163674742
74,13,0.2163674742
75,13,0.2163674742
76,13,0.2163674742
77,13,0.2163674742
78,13,0.2163674742
79,13,0.2163674742
80,13,0.2163674742
81,13,0.2163674742
82,13,0.2163674742
83,13,0.2163674742
84,13,0.2163674742
85,13,0.2163674742
86,13,0.2163674742
87,13,0.2163674742
88,13,0.2163674742
89,13,0.2163674742
90,13,0.2163674742
91,13,0.2163674742
92,13,0.2163674742
93,13,0.2163674742
94,13,0.2163674742
95,13,0.2163674742
96,13,0.2163674742
97,13,0.2163674742
98,13,0.2163674742
99,13,0.2163674742
100,13,0.2163674742
101,13,0.2163674742
102,13,0.2163674742
103,13,0.2163674742
104,13,0.2163674742
105,13,0.2149084992
106,13,0.2149084992
107,13,0.2149084992
108,13,0.2149084992
109,13,0.2149084992
110,13,0.2149084992
111,13,0.2149084992
112,13,0.2149084992
113,13,0.2149084992
114,13,0.2149084992
115,13,0.2149084992
116,13,0.2149084992
117,13,0.2149084992
118,13,0.2149084992
119,13,0.2149084992
120,13,0.2149084992
121,13,0.2149084992
122,13,0.2149084992
123,13,0.2149084992
124,13,0.2149084992
125,13,0.2149084992
126,13,0.2149084992
127,13,0.2149084992
128,13,0.2149084992
129,13,0.2149084992
130,13,0.2149084992
131,13,0.2149084992
132,13,0.2149084992
133,13,0.2149084992
134,13,0.2149084992
135,13,0.2149084992
136,13,0.2149084992
137,13,0.2149084992
138,13,0.2149084992
139,13,0.2149084992
140,13,0.2149084992
141,13,0.2149084992
142,13,0.2149084992
143,13,0.2149084992
144,13,0.2149084992
145,13,0.2149084992
146,13,0.2149084992
147,13,0.2149084992
148,13,0.2149084992
149,13,0.2149084992
0,14,0.2318307982
1,14,0.2318307982
2,14,0.2318307982
3,14,0.2318307982
4,14,0.2318307982
5,14,0.2318307982
6,14,0.2318307982
7,14,0.2318307982
8,14,0.2318307982
9,14,0.2306196645
10,14,0.2306196645
11,14,0.2297974444
12,14,0.2295123142
13,14,0.2295123142
14,14,0.2295123142
15,14,0.2295123142
16,14,0.2295123142
17,14,0.2295123142
18,14,0.2295123142
19,14,0.2295123142
20,14,0.2295123142
21,14,0.2295123142
22,14,0.2295123142
23,14,0.2295123142
24,14,0.2295123142
25,14,0.2295123142
26,14,0.2295123142
27,14,0.2295123142
28,14,0.2295123142
29,14,0.2295123142
30,14,0.2295123142
31,14,0.2295123142
32,14,0.2295123142
33,14,0.2295123142
34,14,0.2295123142
35,14,0.2295123142
36,14,0.2295123142
37,14,0.2295123142
38,14,0.2291623716
39,14,0.2291623716
40,14,0.2291623716
41,14,0.2291623716
42,14,0.2291623716
43,14,0.2291623716
44,14,0.2291623716
45,14,0.2291623716
46,14,0.2291623716
47,14,0.2291623716
48,14,0.2291623716
49,14,0.2291623716
50,14,0.2291623716
51,14,0.2291623716
52,14,0.2291623716
53,14,0.2291623716
54,14,0.2291623716
55,14,0.2222627258
56,14,0.2222627258
57,14,0.2222627258
58,14,0.2222627258
59,14,0.2222627258
60,14,0.2222627258
61,14,0.2222627258
62,14,0.2222627258
63,14,0.2222627258
64,14,0.2222627258
65,14,0.2222627258
66,14,0.2222627258
67,14,0.2222627258
68,14,0.2222627258
69,14,0.2222627258
70,14,0.2222627258
71,14,0.2222627258
72,14,0.2222627258
73,14,0.2222627258
74,14,0.2222627258
75,14,0.2222627258
76,14,0.2222627258
77,14,0.2222627258
78,14,0.2222627258
79,14,0.2222627258
80,14,0.2222627258
81,14,0.2222627258
82,14,0.2222627258
83,14,0.2222627258
84,14,0.2222627258
85,14,0.2222627258
86,14,0.2222627258
87,14,0.2222627258
88,14,0.2222627258
89,14,0.2222627258
90,14,0.2222627258
91,14,0.2222627258
92,14,0.2222627258
93,14,0.2222627258
94,14,0.2222627258
95,14,0.2222627258
96,14,0.2222627258
97,14,0.2222627258
98,14,0.2222627258
99,14,0.2222627258
100,14,0.2222627258
101,14,0.2222627258
102,14,0.2222627258
103,14,0.2139253654
104,14,0.2139253654
105,14,0.2139253654
106,14,0.2139253654
107,14,0.2139253654
108,14,0.2139253654
109,14,0.2139253654
110,14,0.2139253654
111,14,0.2139253654
112,14,0.2139253654
113,14,0.2139253654
114,14,0.2139253654
115,14,0.2139253654
116,14,0.2139253654
117,14,0.2139253654
118,14,0.2139253654
119,14,0.2139253654
120,14,0.2139253654
121,14,0.2139253654
122,14,0.2139253654
123,14,0.2139253654
124,14,0.2139253654
125,14,0.2139253654
126,14,0.2139253654
127,14,0.2139253654
128,14,0.2139253654
129,14,0.2139253654
130,14,0.2139253654
131,14,0.2139253654
132,14,0.2139253654
133,14,0.2139253654
134,14,0.2139253654
135,14,0.2139253654
136,14,0.2139253654
137,14,0.2139253654
138,14,0.2139253654
139,14,0.2139253654
140,14,0.2139253654
141,14,0.2139253654
142,14,0.2139253654
143,14,0.2139253654
144,14,0.2139253654
145,14,0.2139253654
146,14,0.2139253654
147,14,0.2139253654
148,14,0.2139253654
149,14,0.2139253654
